0,1,1,1,1,1,1,0,1,1,1,4,4,1,1,1,2,2,3,2,2,3,2,2,0,0,0,0,0,0,0,0,0,0,0,0,0,0,0,0,-2,-2,-3,-2,-2,-3,-2,-2,-1,-1,-1,-4,-4,-1,-1,-1,0,-1,-1,-1,-1,-1,-1,0,0,0,0,0,0,0,0,0,0,0,0,0,0,0,0,0,0,0,0,0,0,0,0,0,0,0,0,0,0,0,0,0,0,0,0,0,0,0,0,0,0,0,0,0,0,0,0,0,0,0,0,0,0,0,0,0,0,0,0,0,0,0,0,0,g1f3
0,1,1,1,2,2,2,0,1,1,1,5,3,1,1,2,2,2,3,2,2,2,2,1,0,0,0,1,0,0,0,1,0,0,0,0,1,0,1,0,-2,-2,-3,-2,-2,-3,-2,-2,-1,-1,-1,-4,-4,-1,-1,-1,0,-1,-1,-1,-1,-1,-1,0,0,0,0,0,0,0,0,0,0,0,0,0,0,0,0,0,0,0,0,0,0,0,0,0,0,0,0,0,0,0,0,0,0,0,0,0,0,0,0,0,0,0,0,0,0,0,0,0,0,0,0,0,0,0,0,0,0,0,0,0,0,0,0,0,d7d5
0,1,1,1,2,2,2,0,1,1,1,5,3,1,1,2,2,2,3,2,2,2,2,0,0,0,-1,1,-1,0,-1,1,0,0,0,-1,1,-1,1,0,-2,-2,-2,-3,-2,-3,-2,-2,-1,-1,-1,-4,-4,-1,-1,-1,0,-1,-1,-1,-1,-1,-1,0,0,0,0,0,0,0,0,0,0,0,0,0,0,0,0,0,0,0,0,0,0,0,0,0,0,0,0,0,0,0,0,0,0,0,0,0,0,0,0,0,0,0,0,0,0,0,0,0,0,0,0,0,0,0,0,0,0,0,0,0,0,0,0,0,c2c4
0,1,1,1,2,2,2,0,1,1,1,5,3,1,1,2,2,2,3,1,2,2,2,0,1,0,-1,1,-1,0,-1,1,0,1,0,0,1,-1,1,0,-2,-2,-2,-3,-2,-3,-2,-2,-1,-1,-1,-4,-4,-1,-1,-1,0,-1,-1,-1,-1,-1,-1,0,0,0,0,0,0,0,0,0,0,0,0,0,0,0,0,0,0,0,0,0,0,0,0,0,0,0,1,0,0,0,0,0,0,0,0,-1,0,0,0,0,0,0,0,0,0,0,0,0,0,0,0,0,0,0,0,0,0,0,0,0,0,0,0,0,d5d4
0,1,1,1,2,2,2,0,1,1,1,5,3,1,1,2,2,2,2,1,1,2,2,0,1,0,0,0,0,0,-1,1,0,1,0,0,1,-1,1,0,-2,-2,-2,-3,-2,-3,-2,-2,-1,-1,-1,-4,-4,-1,-1,-1,0,-1,-1,-1,-1,-1,-1,0,0,0,0,0,0,0,0,0,0,0,0,0,0,0,0,0,0,0,0,0,0,0,0,0,0,0,0,-1,0,0,0,0,0,0,0,0,0,0,0,0,0,0,0,0,0,0,0,0,0,0,0,0,0,0,0,0,0,0,0,0,0,0,0,0,b2b4
0,1,1,1,2,2,2,0,1,1,1,5,3,1,1,2,2,2,1,1,1,2,2,0,1,0,0,0,0,0,-1,1,1,1,1,0,1,-1,1,0,-2,-2,-2,-3,-2,-3,-2,-2,-1,-1,-1,-4,-4,-1,-1,-1,0,-1,-1,-1,-1,-1,-1,0,0,0,0,0,0,0,0,0,0,0,0,0,0,0,0,0,0,0,0,0,0,0,0,0,0,0,0,-1,0,0,0,0,0,0,0,0,0,0,0,0,0,0,0,0,0,0,0,0,0,0,0,0,0,0,0,0,0,0,0,0,0,0,0,0,c7c5
0,1,1,1,2,2,2,0,1,1,1,5,3,1,1,2,2,2,1,1,1,2,2,0,1,-1,0,-1,0,0,-1,1,0,1,1,0,1,-1,1,0,-2,-2,-2,-2,-2,-3,-2,-2,-1,-1,-1,-4,-4,-1,-1,-1,0,-1,-1,-1,-1,-1,-1,0,0,0,0,0,0,0,0,0,0,0,0,0,0,0,0,0,0,0,0,0,0,0,0,0,0,1,0,-1,0,0,0,0,0,0,-1,0,0,0,0,0,0,0,0,0,0,0,0,0,0,0,0,0,0,0,0,0,0,0,0,0,0,0,0,0,d2d3
0,1,1,1,2,2,2,0,1,1,1,5,3,1,1,2,2,2,0,2,1,2,2,0,1,-1,1,-1,1,1,-1,1,0,1,1,0,1,-1,2,0,-2,-2,-2,-2,-2,-3,-2,-1,-1,-1,-1,-4,-4,-1,-1,-1,0,-1,-1,-1,-1,-1,-1,0,0,0,0,0,0,0,0,0,0,0,0,0,0,0,0,0,0,0,0,0,0,0,0,0,0,1,0,-1,0,0,0,0,0,0,-1,0,0,0,0,0,0,0,0,0,0,0,0,0,0,0,0,0,0,0,0,0,0,0,0,0,0,0,0,0,c5b4
0,1,1,1,2,2,2,0,1,1,1,5,3,1,1,2,1,2,-1,2,1,2,2,0,1,0,1,0,1,1,-1,1,-1,1,0,0,1,-1,2,0,-2,-2,-2,-2,-2,-3,-2,-1,-1,-1,-1,-4,-4,-1,-1,-1,0,-1,-1,-1,-1,-1,-1,0,0,0,0,0,0,0,0,0,0,0,0,0,0,0,0,0,0,0,0,0,0,0,0,0,0,0,0,-1,0,0,0,0,0,0,0,0,0,0,0,0,0,0,0,0,0,0,0,0,0,0,0,0,0,0,0,0,0,0,0,0,0,0,0,0,e2e3
0,1,1,1,2,2,2,0,1,1,1,5,3,1,1,2,1,2,-1,2,1,2,2,0,1,0,1,1,1,1,-1,1,-1,1,0,0,1,-1,1,0,-2,-2,-2,-2,-2,-3,-2,-2,-1,-1,-1,-4,-4,-1,-1,-1,0,-1,-1,-1,-1,-1,-1,0,0,0,0,0,0,0,0,0,0,0,0,0,0,0,0,0,0,0,0,0,1,0,0,0,0,0,0,-2,0,0,0,0,0,0,0,0,0,0,0,0,0,0,0,0,0,0,0,0,0,0,0,0,0,0,0,0,0,0,0,0,0,0,0,0,d4e3
0,1,1,1,2,2,2,0,1,1,1,4,3,0,1,2,1,2,0,1,2,2,2,0,1,0,1,0,1,0,-1,1,-1,1,0,0,1,-1,1,0,-2,-2,-2,-2,-2,-3,-2,-2,-1,-1,-1,-4,-4,-1,-1,-1,0,-1,-1,-1,-1,-1,-1,0,0,0,0,0,0,0,0,0,0,0,0,0,0,1,0,0,0,0,0,1,-2,0,0,0,0,0,0,0,0,0,0,0,0,0,0,0,0,0,0,0,0,0,0,0,0,0,0,0,0,0,0,0,0,0,0,0,0,0,0,0,0,0,0,0,f2e3
0,1,1,1,2,2,2,0,1,1,1,5,3,1,1,2,1,2,0,1,1,2,1,0,1,0,1,1,1,1,-1,1,-1,1,0,0,1,-1,1,0,-2,-2,-2,-2,-2,-3,-2,-2,-1,-1,-1,-4,-4,-1,-1,-1,0,-1,-1,-1,-1,-1,-1,0,0,0,0,0,0,0,0,0,0,0,0,0,0,0,0,0,0,0,0,1,0,0,0,0,0,0,0,0,0,0,0,0,0,0,0,0,0,0,0,0,0,0,0,0,0,0,0,0,0,0,0,0,0,0,0,0,0,0,0,0,0,0,0,0,b8c6
0,1,1,1,2,2,2,0,1,1,1,5,3,1,1,2,1,2,0,1,1,2,1,0,1,-1,1,0,1,1,-1,1,-2,1,0,0,0,-1,1,0,-1,-2,-1,-2,-2,-3,-2,-2,-2,-1,-1,-3,-5,-1,-1,-1,0,-2,-2,-2,-1,-1,-1,0,0,0,0,0,0,0,0,0,0,0,0,0,0,0,0,0,0,0,0,1,0,0,0,0,0,0,0,0,0,0,0,0,0,0,0,0,0,0,0,0,0,0,0,0,0,0,0,0,0,0,0,0,0,0,0,0,0,0,0,0,0,0,0,0,c1b2
1,2,2,1,2,2,2,0,1,0,1,4,3,1,1,2,1,2,1,1,0,2,1,0,1,-1,1,1,1,1,-1,1,-2,1,0,0,1,-1,1,0,-1,-2,-1,-2,-2,-2,-2,-2,-2,-1,-1,-3,-5,-1,0,-1,0,-2,-2,-2,-1,-1,-1,0,0,0,0,0,0,0,0,0,0,0,0,0,0,0,0,0,0,0,0,1,0,0,0,0,0,0,0,0,0,0,0,0,0,0,0,0,0,0,0,0,0,0,0,0,0,0,0,0,0,0,0,0,0,0,-1,0,0,0,0,0,0,0,0,0,g8f6
1,2,2,1,2,2,2,0,1,0,1,4,3,1,1,2,1,2,1,1,0,2,1,0,1,-1,1,1,0,1,-2,1,-2,1,0,-1,1,-1,1,-1,-1,-2,-1,-2,-2,-1,-2,-1,-2,-1,-1,-4,-4,-1,-1,-2,0,-2,-2,-2,-2,-2,-2,0,0,0,0,0,0,0,0,0,0,0,0,0,0,0,0,0,0,0,0,1,0,0,0,0,0,0,0,0,0,0,0,0,0,0,0,0,0,0,0,0,0,0,0,0,0,-1,0,0,0,0,0,0,0,0,0,0,0,0,0,0,0,0,0,0,d3d4
1,2,2,1,2,2,2,0,1,0,1,4,3,1,1,2,1,2,1,2,0,2,1,0,1,-1,1,2,-1,1,-2,1,-2,1,1,-1,1,-1,1,-1,-1,-2,-1,-2,-2,-2,-2,-1,-2,-1,-1,-4,-4,-1,-1,-2,0,-2,-2,-2,-2,-2,-2,0,0,0,0,0,0,0,0,0,0,0,0,0,0,0,0,0,0,0,0,0,0,0,0,0,0,0,0,2,0,0,0,0,0,0,0,0,0,0,0,0,0,0,0,0,0,0,0,0,0,0,0,0,0,0,0,0,0,0,0,0,0,0,0,0,e7e5
1,2,2,1,2,2,2,0,1,0,1,4,3,1,1,2,1,2,1,2,0,2,1,0,1,-2,1,1,-1,0,-2,1,-2,1,0,-1,1,-1,1,-1,-1,-2,-1,-2,-2,-2,-2,-1,-2,-1,-1,-4,-4,-1,-1,-2,0,-2,-2,-2,-2,-2,-2,0,0,0,0,0,0,0,0,0,0,0,0,0,0,0,0,0,0,0,0,0,0,0,0,0,0,0,0,3,0,0,0,0,0,0,0,0,-2,0,0,0,0,0,0,0,0,0,0,0,0,0,0,0,0,0,0,0,0,0,0,0,0,0,0,0,d4d5
1,2,2,1,2,2,2,0,1,0,1,4,3,1,1,2,1,2,1,2,0,2,1,0,1,-2,1,2,-1,0,-2,1,-2,1,-1,0,1,-1,1,-1,-1,-2,0,-2,-1,-2,-2,-1,-2,-1,-1,-4,-4,-1,-1,-2,0,-2,-2,-2,-2,-2,-2,0,0,0,0,0,0,0,0,0,0,0,0,0,0,0,0,0,0,0,0,0,0,0,0,0,0,0,0,0,0,0,0,0,0,0,0,2,-2,0,0,0,0,0,-1,0,0,0,0,0,0,0,0,0,0,0,0,0,0,0,0,0,0,0,0,0,e5e4
1,2,2,1,2,2,2,0,1,0,1,4,3,1,1,2,1,2,1,1,0,1,1,0,1,-2,1,3,-1,1,-2,1,-2,1,-1,0,1,-1,1,-1,-1,-2,0,-2,-1,-1,-2,-1,-2,-1,-1,-4,-4,-1,-1,-2,0,-2,-2,-2,-2,-2,-2,0,0,0,0,0,0,0,0,0,0,0,0,0,0,0,0,0,0,0,0,0,0,1,0,0,0,0,0,0,0,0,0,0,0,0,0,2,0,0,0,0,0,0,-1,0,0,-1,0,0,0,0,0,0,0,0,0,0,0,0,0,0,0,0,0,0,f3d2
1,3,2,1,1,3,1,0,1,0,1,3,3,1,1,1,1,3,1,0,0,2,1,0,1,-2,2,1,0,1,-1,0,-2,1,-1,-1,0,-1,0,0,-1,-2,0,-2,-1,-1,-2,-1,-2,-1,-1,-4,-4,-1,-1,-2,0,-2,-2,-2,-2,-2,-2,0,0,0,0,0,0,0,0,0,0,0,0,0,0,0,0,0,0,0,0,0,0,0,0,0,0,0,0,0,-1,0,0,0,0,0,0,2,0,0,0,0,0,0,-1,0,0,-1,0,0,0,0,0,0,0,0,0,0,0,0,0,0,0,0,0,0,c6a5
1,3,2,1,1,3,1,0,1,0,1,3,3,1,1,1,1,2,1,0,0,2,1,0,1,-1,1,2,0,1,-1,0,-1,1,-1,-1,1,-1,0,0,-1,-2,-1,-2,-1,-1,-2,-1,-1,-2,-1,-4,-3,-1,-1,-2,0,-1,-2,-1,-2,-2,-2,0,0,0,0,0,0,0,0,0,0,0,0,0,0,0,0,0,0,0,0,0,0,0,0,0,0,0,1,0,-1,0,0,0,0,0,0,2,0,0,0,0,0,0,0,0,0,-1,0,0,0,0,0,0,0,0,0,0,0,0,0,0,0,0,0,0,b2d4
1,3,1,1,1,3,1,0,1,1,1,3,3,1,1,1,0,2,1,0,1,2,1,0,1,-1,1,1,0,1,-1,0,-1,1,0,-1,1,-1,0,0,-1,-1,-1,-2,-1,-1,-2,-1,0,-2,-1,-4,-3,-1,-1,-2,0,-1,-2,-1,-2,-2,-2,0,0,0,0,0,0,0,0,0,0,0,0,0,0,0,0,0,0,0,0,0,0,0,0,0,0,0,1,0,-1,0,0,0,0,0,0,2,0,0,0,0,0,0,0,0,0,-1,0,0,-1,0,0,0,0,0,0,0,0,0,0,0,0,0,0,0,b7b5
1,3,1,1,1,3,1,0,1,1,1,3,3,1,1,1,0,2,1,0,1,2,1,0,0,-1,0,1,0,1,-1,0,-1,1,0,-1,1,-1,0,0,-1,-1,0,-2,-1,-1,-2,-1,0,-2,-1,-4,-3,-1,-1,-2,0,-1,-2,-1,-2,-2,-2,0,0,0,0,0,0,0,0,0,0,0,0,0,0,0,0,0,0,0,0,0,0,0,0,0,0,0,2,0,-1,0,0,0,0,-1,0,2,0,0,0,0,0,0,0,0,0,-1,0,0,-1,0,0,0,0,0,0,0,0,0,0,0,0,0,0,0,d1c2
1,3,1,2,0,3,1,0,2,2,0,3,2,1,1,1,0,2,2,1,1,1,1,0,0,-1,1,1,1,1,-2,0,-1,1,0,-1,1,-1,0,-1,-1,-1,0,-2,-1,-1,-2,-1,0,-2,-1,-4,-3,-1,-1,-2,0,-1,-2,-1,-2,-2,-2,0,0,0,0,0,0,0,0,0,0,0,0,0,0,0,0,0,0,0,0,0,0,0,0,0,0,0,2,0,-2,0,0,0,0,-1,0,2,0,0,0,0,0,0,0,0,0,-1,0,0,-1,0,0,0,0,0,0,0,0,0,0,0,0,0,0,0,c8b7
1,3,1,2,0,3,1,0,2,2,0,3,2,1,1,1,0,2,2,1,1,1,1,1,0,-1,1,1,1,1,-1,0,-1,1,0,-2,1,0,0,-1,-1,-1,-1,-2,0,-1,-2,-1,0,-1,-1,-3,-3,-1,-1,-2,-2,-2,-3,-2,-2,-2,-2,0,0,0,0,0,0,0,0,0,0,0,0,0,0,0,0,0,0,0,0,0,0,0,0,0,0,0,2,0,-2,0,0,0,0,-1,0,3,0,0,0,0,0,0,0,0,0,-1,0,0,-1,0,0,0,0,0,0,0,0,0,0,0,0,0,0,0,a2a3
1,3,1,2,0,3,1,0,2,2,0,3,2,1,1,1,1,1,2,1,1,1,1,1,0,0,1,1,1,1,-1,0,-1,1,0,-2,1,0,0,-1,-1,-1,-1,-2,0,-1,-2,-1,0,-1,-1,-3,-3,-1,-1,-2,-2,-2,-3,-2,-2,-2,-2,0,0,0,0,0,0,0,0,0,0,0,0,0,0,0,0,0,1,0,0,0,0,0,0,0,0,-1,2,0,-2,0,0,0,0,-1,0,3,0,0,0,0,0,0,0,0,0,-1,0,0,-1,0,0,0,0,0,0,0,0,0,0,0,0,0,0,0,b4b3
1,3,1,2,0,3,1,0,1,2,-1,3,2,1,1,1,1,1,3,1,1,1,1,1,-1,0,1,1,1,1,-1,0,-1,1,0,-2,1,0,0,-1,-1,-1,-1,-2,0,-1,-2,-1,0,-1,-1,-3,-3,-1,-1,-2,-2,-2,-3,-2,-2,-2,-2,0,0,0,0,0,0,0,0,0,0,0,1,0,0,0,0,0,1,-2,0,0,0,0,0,0,0,0,2,0,-2,0,0,0,0,-1,0,3,0,0,0,0,0,0,0,0,0,-1,0,0,-1,0,0,0,0,0,0,0,0,0,0,0,0,0,0,0,c2c3
1,2,1,1,0,3,1,0,0,1,0,3,2,1,1,1,1,1,2,1,2,1,1,1,-1,1,1,2,0,1,-1,0,0,1,0,-2,1,0,0,-1,-1,-1,-1,-2,0,-1,-2,-1,0,-1,-1,-3,-3,-1,-1,-2,-2,-2,-3,-2,-2,-2,-2,0,0,0,0,0,0,0,0,0,0,0,0,0,0,0,0,0,1,-2,0,0,0,0,0,0,0,0,2,0,-1,0,0,0,-1,-1,0,3,0,0,0,0,0,0,0,0,0,-1,0,0,-1,0,0,0,0,0,0,0,0,0,0,0,0,0,0,0,a8c8
1,2,1,1,0,3,1,0,0,1,0,3,2,1,1,1,1,1,2,1,2,1,1,1,-1,1,0,2,0,1,-1,0,0,1,-1,-2,1,0,0,-1,-1,-1,-2,-2,0,-1,-2,-1,1,-1,-2,-3,-3,-1,-1,-2,-2,-1,-2,-2,-2,-2,-2,0,0,0,0,0,0,0,0,0,0,0,0,0,0,0,0,0,1,-2,0,0,0,0,0,0,0,0,3,0,-1,0,0,0,-1,-1,0,3,0,0,0,0,0,0,0,0,0,-1,0,0,-1,0,0,0,0,0,0,0,0,0,0,0,0,0,0,0,d4f6
1,2,1,1,0,3,1,0,0,1,0,3,2,1,1,1,1,1,2,1,1,1,1,1,-1,1,0,3,1,1,0,1,0,1,-2,-1,2,0,1,0,-1,-2,-2,-2,0,-1,-2,-1,0,-1,-2,-2,-2,-1,0,-1,-2,-1,-2,-1,-1,-2,-1,0,0,0,0,0,0,0,0,0,0,0,0,0,0,0,0,0,1,-2,0,0,0,0,0,0,0,0,3,0,-1,0,0,0,-1,-1,0,2,0,0,0,0,0,0,0,0,0,2,0,0,0,0,0,0,0,0,-1,0,0,0,0,-1,0,0,0,0,g7f6
1,2,1,1,0,3,1,0,0,1,0,3,2,1,1,1,1,1,1,1,1,1,1,1,-1,1,0,2,1,1,0,0,0,1,-2,-1,0,0,-1,0,-1,-2,-2,-2,0,0,-2,-1,0,-1,-2,-2,-3,-1,-1,-1,-2,-1,-2,-2,-1,-2,-1,0,0,0,0,0,0,0,0,0,0,0,0,0,0,0,0,0,1,-2,0,0,0,0,0,0,0,0,3,0,-1,0,0,0,-1,-1,0,2,0,0,0,0,0,0,0,0,0,-1,0,0,0,0,0,0,0,0,0,0,0,0,0,0,0,0,0,0,d2e4
1,1,1,1,1,2,1,0,0,1,0,4,2,2,1,1,1,0,2,2,1,1,2,1,-1,1,-1,2,0,1,0,0,0,1,-1,-1,0,0,0,0,-1,-2,-2,-1,0,1,-2,-1,0,-1,-2,-2,-3,-1,-1,-1,-2,-1,-2,-2,-1,-2,-1,0,0,0,0,0,0,0,0,0,0,0,0,0,0,0,0,0,1,-1,0,0,0,0,0,0,0,0,3,0,0,0,0,0,-1,-1,0,2,0,0,0,0,0,0,0,0,0,-2,0,0,0,0,0,0,0,0,0,0,0,0,0,0,0,0,0,0,f8e7
1,1,1,1,1,2,1,0,0,1,0,4,2,2,1,1,1,0,2,2,1,1,2,1,-1,1,-1,2,0,1,0,0,0,1,-1,-1,0,0,0,0,-1,-2,-2,-1,0,1,-2,0,0,-1,-2,-2,-2,-1,0,-1,-2,-1,-2,-3,-2,-3,-1,0,0,0,0,0,0,0,0,0,0,0,0,0,0,0,0,0,1,-1,0,0,0,0,0,0,0,0,3,0,0,0,0,0,-1,-1,0,2,0,0,0,0,0,0,0,0,0,-2,0,0,0,0,0,0,0,0,0,0,0,0,0,0,0,0,0,0,b1d2
1,2,2,2,1,3,1,0,0,1,0,3,2,2,1,1,0,1,1,2,1,2,2,1,-1,1,0,2,1,1,0,0,0,1,-1,-1,0,0,0,0,-1,-2,-2,-1,0,1,-2,0,0,-1,-2,-2,-2,-1,0,-1,-2,-1,-2,-3,-2,-3,-1,0,0,0,0,0,0,0,0,0,0,0,0,0,0,0,0,0,1,-2,0,0,0,0,0,0,0,0,3,0,0,0,0,0,-1,-1,0,2,0,0,0,0,0,0,0,0,0,-2,0,0,0,0,0,0,0,0,0,0,0,0,0,0,0,0,0,0,b7d5
1,2,2,2,1,3,1,0,0,1,0,3,2,2,1,1,0,1,1,2,1,2,2,1,-1,1,-1,2,0,1,0,0,0,1,-1,0,0,0,0,0,0,-2,-3,-1,-2,1,-2,0,0,-2,-2,-2,-2,-2,0,-1,-2,-1,-1,-3,-2,-3,-1,0,0,0,0,0,0,0,0,0,0,0,0,0,0,0,0,0,1,-2,0,0,0,0,0,0,0,0,4,0,1,0,0,0,-1,-1,0,-1,0,0,0,0,0,0,0,0,0,-2,0,0,0,0,0,0,0,0,0,0,0,0,0,0,0,0,0,0,a1d1
2,2,2,1,1,3,1,0,-1,1,0,4,2,2,1,1,-1,1,1,2,1,2,2,1,-1,1,-1,2,0,1,0,0,0,1,-1,0,0,0,0,0,0,-2,-3,-1,-2,1,-2,0,0,-2,-2,-2,-2,-2,0,-1,-2,-1,-1,-3,-2,-3,-1,0,0,0,0,0,0,0,0,0,0,0,0,0,0,0,0,0,1,-2,0,0,0,0,0,0,0,0,4,0,1,0,0,0,-1,-1,0,-1,0,0,0,0,0,0,0,0,0,-2,0,0,0,0,0,0,0,0,0,0,0,0,0,0,0,0,0,0,a5c4
2,2,2,1,1,3,1,0,-1,0,0,3,2,2,1,1,-2,2,1,2,0,2,2,1,-1,1,0,2,0,1,0,0,-1,0,-1,-1,-1,0,0,0,0,-3,-2,-2,-2,1,-2,0,0,-1,-2,-2,-2,-2,0,-1,-2,-1,-1,-3,-2,-3,-1,0,0,0,0,0,0,0,0,0,0,0,0,1,0,0,0,0,2,-2,0,0,1,0,0,0,0,0,-3,0,1,0,0,0,0,0,0,0,0,0,0,0,0,0,0,0,0,-2,0,0,0,0,0,0,0,0,0,0,0,0,0,0,0,0,0,0,d2b3
3,1,3,1,2,2,1,0,0,0,1,4,2,2,1,1,-2,1,1,3,0,1,2,1,-1,1,-1,4,-1,1,0,0,0,0,0,0,-1,0,0,0,0,-3,-2,-2,-2,1,-2,0,0,-1,-2,-2,-2,-2,0,-1,-2,-1,-1,-3,-2,-3,-1,0,0,0,0,0,0,0,0,0,0,0,0,0,0,0,0,0,2,0,0,0,1,0,0,0,0,0,-2,0,1,0,0,0,0,0,0,-1,0,0,0,0,0,0,0,0,0,-2,0,0,0,0,0,0,0,0,0,0,0,0,0,0,0,0,0,0,h8g8
3,1,3,1,2,2,1,0,0,0,1,4,2,2,0,1,-2,1,1,3,0,1,1,1,-1,1,-1,4,-1,1,-1,0,0,0,0,0,-1,0,-1,0,0,-3,-2,-2,-2,1,-3,0,0,-1,-2,-2,-2,-2,-1,0,-2,-1,-1,-3,-2,-3,0,-1,0,0,0,0,0,0,0,0,0,0,0,0,0,0,1,0,2,0,0,0,1,0,0,0,0,0,-2,0,1,0,0,0,0,0,0,-1,0,0,0,0,0,0,0,0,0,-2,0,0,0,0,0,0,0,0,0,0,0,0,0,0,0,0,0,0,e4g3
3,1,3,1,2,3,1,1,0,0,1,3,3,1,0,1,-2,1,0,3,0,0,0,1,-1,1,-1,4,0,1,-1,0,0,0,-1,0,-1,1,-2,1,0,-3,-2,-3,-2,0,-3,0,0,-1,-2,-2,-2,-2,-1,0,-2,-1,-1,-3,-2,-3,0,-1,0,0,0,0,0,0,0,0,0,0,0,0,0,0,1,0,2,0,0,0,1,0,1,0,0,0,-2,0,0,0,0,0,0,0,0,-1,0,0,0,0,0,0,0,0,0,-1,0,0,0,0,0,0,0,0,0,0,0,0,0,0,0,0,0,0,g8g5
3,1,3,1,2,3,1,1,0,0,1,3,3,1,0,1,-2,1,0,3,0,0,0,1,-1,1,-1,4,0,1,-1,0,0,0,-1,-1,-2,0,-1,0,0,-3,-2,-3,-2,0,-3,0,0,-1,-2,-2,-2,-2,-1,0,-2,-1,-1,-3,-1,-2,-1,0,0,0,0,0,0,0,0,0,0,0,0,0,0,0,1,0,2,0,0,0,1,0,1,0,0,0,-2,0,0,0,0,0,0,0,0,-1,0,0,0,0,0,0,0,0,0,-1,0,0,0,0,0,0,0,0,0,0,0,0,0,0,0,0,0,0,b3d4
2,1,2,1,2,3,1,1,0,0,2,2,4,1,0,1,-1,2,0,3,0,1,0,1,-1,1,-1,3,0,1,-1,0,-1,1,-2,-2,-3,1,-1,0,0,-3,-1,-3,-1,-1,-3,0,0,-1,-2,-2,-2,-2,-1,0,-2,-1,-1,-3,-1,-2,-1,0,0,0,0,0,0,0,0,0,0,0,0,0,0,0,1,0,2,0,0,0,1,0,1,0,0,0,-2,0,0,0,0,0,0,-1,0,0,0,0,0,0,0,0,0,0,0,0,0,0,0,0,0,0,0,0,0,0,0,0,0,0,0,0,0,0,c4e3
2,1,2,0,2,2,1,1,-1,1,1,3,4,1,-1,1,0,1,-1,3,1,1,0,1,-1,1,-2,2,0,0,-2,0,0,2,-1,-3,-2,0,-1,0,0,-2,0,-2,-1,-1,-3,0,0,-1,-1,-2,-2,-2,-1,0,-2,-1,0,-3,-1,-2,-1,0,0,0,0,1,0,1,0,0,0,0,0,0,0,0,2,0,1,0,1,0,-1,0,1,0,0,0,0,0,0,0,0,0,0,-2,0,0,0,0,0,0,0,0,0,0,0,0,0,0,0,0,0,0,0,0,0,0,0,0,-1,0,0,0,0,0,c3e3
1,1,1,1,2,3,2,1,-1,0,0,3,5,2,0,1,0,1,0,3,0,2,1,1,-1,0,-2,2,1,1,-1,0,-1,2,-2,-2,-1,1,0,0,0,-2,-1,-2,0,-1,-3,0,0,-1,-2,-2,-1,-2,-1,0,-2,-1,-1,-3,-1,-2,-1,0,0,0,0,0,0,0,0,0,0,0,0,0,0,0,1,0,1,0,0,0,0,0,1,0,0,0,0,0,0,0,0,0,0,-2,0,0,0,0,-1,0,0,0,0,0,0,0,0,0,0,0,0,0,-1,0,0,0,0,0,0,0,0,0,0,0,g5e5
1,1,1,1,2,3,2,1,-1,0,0,3,5,2,0,1,0,1,0,3,-1,2,2,1,-1,0,-2,2,0,1,0,0,-1,2,-2,-2,0,1,-1,0,0,-2,-1,-2,-2,-1,-2,1,0,-1,-2,-2,-3,-2,0,0,-2,-1,-1,-3,-1,-2,0,0,0,0,0,0,0,0,0,0,0,0,0,0,0,0,1,0,1,0,0,0,1,0,0,0,0,0,0,0,0,0,0,0,0,-2,0,0,-1,0,0,0,0,0,0,0,0,0,0,0,0,0,0,0,0,0,0,0,0,0,0,0,0,0,0,0,g3f5
1,1,1,1,2,2,2,0,-1,0,0,3,4,2,0,1,0,1,0,3,0,2,3,2,-1,0,-2,3,-1,1,0,1,-1,2,-2,-2,0,0,0,0,0,-2,-1,-1,-2,-1,-2,2,0,-1,-2,-2,-2,-2,1,0,-2,-1,-1,-3,-1,-2,0,0,0,0,0,0,0,0,0,0,0,0,0,0,0,0,1,0,1,0,0,0,1,0,0,0,0,0,0,0,0,0,0,0,0,-2,0,0,-1,1,0,0,0,0,0,0,0,0,0,0,0,0,0,0,-1,0,0,0,0,0,0,0,0,0,0,0,e5e3
1,1,0,1,0,2,1,0,-1,0,0,2,2,1,0,1,-2,-1,-2,1,1,0,1,0,-1,0,-2,2,-2,0,0,1,-1,2,-2,-1,-2,1,-1,0,0,-2,-1,-1,-2,-1,-2,1,0,-1,-2,-2,-2,-2,1,0,-2,-1,-1,-3,-1,-2,0,0,0,0,0,0,1,0,0,0,0,0,0,0,0,0,1,0,2,0,0,0,-1,0,0,0,0,0,0,0,0,0,0,0,0,-2,0,0,0,0,0,0,0,0,0,0,0,0,0,0,0,0,0,0,-1,0,0,0,0,0,0,0,0,0,0,0,f5e3
1,1,0,2,1,3,1,0,-1,0,1,2,3,1,1,1,-1,0,-1,2,0,1,1,1,-1,0,-1,1,-1,0,1,0,-1,2,-2,0,-1,2,-1,0,0,-2,-1,-2,-1,-1,-2,0,0,-1,-2,-2,-2,-2,0,0,-2,-1,-1,-3,-1,-2,0,0,0,0,0,0,0,0,0,0,0,0,0,0,0,0,1,0,1,0,0,0,0,0,0,0,0,0,0,0,0,0,0,0,0,-2,0,-1,0,0,0,0,0,0,0,0,0,0,0,0,0,0,0,0,0,0,0,0,0,0,0,0,0,0,0,0,d8a5
1,1,0,2,0,3,1,0,-1,0,1,1,3,1,1,1,-2,0,-2,2,0,1,1,1,-2,-1,-1,1,-1,0,1,0,0,1,-2,1,-1,2,-1,0,-1,-2,-1,-1,-1,-1,-2,0,-1,-1,-2,-1,-1,-2,0,0,-2,-1,0,-4,-1,-2,0,0,0,0,0,0,1,0,0,0,0,0,0,0,0,0,1,0,2,0,0,0,0,0,0,0,0,0,0,0,0,0,0,0,0,-2,0,-1,0,0,0,0,0,0,0,0,0,0,0,0,0,0,0,0,0,0,0,0,0,0,0,0,0,0,0,0,e1f2
1,1,0,1,1,4,2,0,-1,0,1,0,3,0,2,1,-2,0,-2,2,1,2,2,1,-2,-1,-1,1,-1,0,1,0,0,1,-2,1,-1,2,-1,0,-1,-2,-1,-1,-1,-1,-2,0,-1,-1,-2,-1,-1,-2,0,0,-2,-1,0,-4,-1,-2,0,0,0,0,0,0,0,0,0,0,0,0,0,0,0,0,1,0,2,0,0,0,0,0,0,0,0,0,0,0,0,0,0,0,0,-2,0,-1,0,0,0,0,0,0,0,0,0,0,0,0,0,0,0,0,0,0,0,0,0,0,0,0,0,0,0,0,d5a8
1,1,0,1,1,4,2,0,0,0,1,0,3,0,2,1,-2,1,-2,2,1,2,2,1,-2,-1,0,1,-1,0,1,0,0,1,-2,0,-1,2,-1,0,-1,-2,-1,-1,0,-1,-2,0,-1,-1,-2,-1,-1,-1,0,0,-1,-1,0,-4,-1,-2,0,0,0,0,0,0,0,0,0,0,0,0,0,0,0,0,1,0,2,0,0,0,0,0,0,0,0,0,0,0,0,0,0,0,0,-2,0,0,0,0,0,0,0,0,0,0,0,0,0,0,0,0,0,0,0,0,0,0,0,0,0,0,0,0,0,0,f1b5
1,1,0,2,2,5,3,1,0,0,1,0,3,0,1,1,-2,1,-2,2,1,2,2,1,0,-1,1,1,-1,0,1,0,0,0,-2,0,-1,2,-1,0,0,-2,0,-1,0,-1,-2,0,-1,-1,-2,0,-1,-1,0,0,-1,-1,0,-4,0,-2,0,0,0,0,0,0,0,0,0,0,0,0,0,0,0,0,1,0,2,0,0,0,0,0,0,0,0,0,0,0,0,0,0,0,0,1,0,0,0,0,0,0,0,0,0,0,0,0,0,0,0,0,0,0,0,0,0,0,0,0,0,0,-1,0,0,0,e8f8
1,1,0,2,2,5,3,1,0,0,1,0,3,0,1,1,-2,1,-2,2,1,2,2,1,0,-1,1,1,-1,0,1,0,0,0,-2,0,-1,2,-1,0,0,-2,0,-1,0,-1,-2,0,-1,-1,-2,1,-1,-1,-1,0,-1,-1,0,-3,-1,-2,-1,0,0,0,0,0,0,0,0,0,0,0,0,0,0,0,1,0,2,0,0,0,0,0,0,0,0,0,0,0,0,0,0,0,0,1,0,0,0,0,0,0,0,0,0,0,0,0,0,0,0,0,0,0,0,0,0,0,0,0,0,0,0,0,0,0,h1e1
1,1,0,2,1,4,2,1,0,0,1,0,4,0,1,0,-2,1,-2,2,2,2,2,1,0,-1,1,1,-1,0,1,0,0,0,-2,0,-1,2,-1,0,0,-2,0,-1,0,-1,-2,0,-1,-1,-2,1,-1,-1,-1,0,-1,-1,0,-3,-1,-2,-1,0,0,0,0,0,1,0,0,0,0,0,0,0,0,0,1,0,2,0,0,0,0,0,0,0,0,0,0,0,0,0,0,0,0,1,0,0,0,0,0,0,0,0,0,0,0,0,0,0,0,0,0,0,0,0,0,0,0,0,0,0,0,0,0,0,e7c5
1,1,1,2,1,4,2,1,0,0,2,0,4,0,1,0,-2,1,-1,2,2,2,2,1,0,-1,2,0,-1,0,1,0,0,0,-1,0,-1,2,-1,0,0,-3,0,-1,0,0,-2,0,-2,-1,-2,1,-2,-1,-1,0,-1,-1,0,-2,-1,-2,-1,0,0,0,0,0,1,0,0,0,0,0,0,0,0,0,1,0,2,0,0,0,0,0,0,0,0,0,0,1,0,0,0,0,0,1,0,0,0,0,0,0,0,0,0,0,0,0,0,0,0,0,0,0,0,0,0,0,0,0,0,0,0,0,0,0,b5e2
1,1,1,3,1,4,2,1,0,0,2,0,3,0,1,0,-2,1,-1,2,1,3,2,1,-1,-1,2,0,-1,0,2,0,0,1,-2,0,-1,2,-1,1,0,-3,-1,-1,0,0,-2,0,-2,-1,-2,0,-2,-1,-1,0,-1,-1,0,-2,-2,-2,-1,0,0,0,0,0,1,0,0,0,0,0,0,0,0,0,1,0,2,0,0,0,0,0,0,0,0,0,0,1,0,0,0,0,0,0,0,0,0,0,0,0,0,0,0,0,0,0,0,0,0,0,0,0,0,0,0,0,0,0,0,0,0,0,0,0,a5b6
1,0,1,3,2,4,2,1,0,-1,2,1,3,0,1,0,-1,0,0,2,1,3,2,1,0,-1,2,0,-1,0,2,0,-1,1,-2,0,-1,2,-1,1,0,-2,-2,-2,-1,-1,-2,0,-1,-2,-2,0,-2,-1,-1,0,-1,-2,0,-2,-2,-2,-1,0,0,0,0,0,0,0,0,0,0,0,0,0,0,0,1,0,1,0,0,0,0,0,0,0,0,0,0,1,0,0,0,0,0,0,0,0,0,0,0,0,0,0,0,0,0,0,0,0,0,0,0,0,0,0,0,0,0,0,0,0,0,0,0,0,d1c1
1,0,1,4,2,4,2,1,0,-1,3,0,3,0,1,0,-1,0,1,1,1,3,2,1,0,-1,3,-1,-1,0,2,0,-1,1,-1,0,-1,2,-1,1,0,-2,-2,-2,-1,-1,-2,0,-1,-2,-2,0,-2,-1,-1,0,-1,-2,0,-2,-2,-2,-1,0,0,0,0,0,0,0,0,0,0,0,0,0,0,0,1,0,1,0,0,0,0,0,0,0,0,0,0,1,0,0,0,0,0,0,-1,0,0,0,0,0,0,0,0,0,0,0,0,0,0,0,0,0,0,0,0,0,0,0,0,0,0,0,0,0,c8e8
1,0,1,4,2,4,2,1,0,-1,3,0,3,0,1,0,-1,0,1,1,0,3,2,1,0,-1,3,-1,-2,0,2,0,-1,1,0,0,-2,2,-1,1,0,-2,-1,-2,-2,-1,-2,0,-1,-2,-1,0,-3,-1,-1,0,-1,-2,-1,-2,-1,-2,-1,0,0,0,0,0,0,0,0,0,0,0,0,0,0,0,1,0,1,0,0,0,1,0,0,0,0,0,0,1,0,0,0,0,0,0,-1,0,0,0,0,0,0,0,0,0,0,0,0,0,0,0,0,0,0,0,0,0,0,0,0,0,0,0,0,0,c1c5
1,0,2,3,1,4,2,1,0,-1,3,0,3,0,1,0,0,0,1,1,0,3,2,1,0,0,3,0,-2,0,2,0,0,2,-1,1,-1,3,0,2,0,-1,0,-1,-2,-1,-2,0,-1,-2,0,0,-2,-1,-1,0,-1,-2,0,-2,-1,-1,-1,0,0,0,0,0,0,0,0,0,0,0,0,0,0,0,1,0,0,0,0,0,1,0,0,0,0,0,0,0,0,0,0,0,0,0,1,0,0,0,0,0,0,0,0,0,0,0,0,0,0,0,0,0,0,0,0,0,0,0,0,0,0,0,0,0,b6c5
1,1,0,3,1,4,2,1,0,0,1,0,3,0,1,0,-1,1,-1,1,0,3,2,1,0,0,1,-1,-2,0,2,0,-1,1,0,-1,-3,1,-2,0,1,-2,-1,-1,-1,0,-2,0,-1,-1,-1,0,-3,-1,-1,0,-1,-1,-2,-1,-1,-2,-1,0,0,0,0,0,0,0,0,0,0,0,0,0,0,0,1,0,1,0,0,0,1,0,0,0,0,0,0,1,0,0,0,0,0,0,0,0,0,0,0,0,0,0,0,0,0,0,0,0,0,0,0,0,0,0,0,0,0,0,0,0,0,0,0,0,d4f5
1,1,0,3,1,4,2,1,0,0,0,0,2,0,1,0,-1,0,-1,1,0,2,3,1,0,0,1,0,-2,0,2,1,-1,0,0,-1,-3,0,-1,1,1,-2,-2,0,-2,0,-2,1,-1,-1,-1,0,-2,-1,0,0,-1,-1,-2,-1,-1,-2,-1,0,0,0,0,0,0,0,0,0,0,0,0,0,0,0,1,0,1,0,0,0,2,0,0,0,0,0,0,0,0,0,0,0,0,0,0,0,0,1,0,0,0,0,0,0,0,0,0,0,0,0,0,0,0,0,0,0,0,0,0,0,0,0,0,0,a8e4
1,0,0,3,1,4,2,1,0,0,-1,0,2,0,1,0,-1,0,-1,0,1,2,3,1,0,0,1,0,-1,0,2,1,-1,0,0,-1,-3,-1,-1,1,1,-2,-2,0,-2,0,-2,1,-1,-1,-1,0,-2,-1,0,0,-2,-1,-2,-1,-1,-2,-1,0,0,0,0,0,0,0,0,0,0,0,0,0,0,0,1,0,1,0,0,0,1,0,0,0,0,0,0,0,0,0,0,0,0,0,0,0,0,2,0,0,0,0,0,0,0,0,0,0,0,0,0,0,0,0,0,0,0,0,0,0,0,0,0,0,f5g3
1,0,0,3,1,5,2,2,0,0,-1,0,3,0,1,0,-1,0,-1,0,0,2,2,1,0,0,1,-1,0,0,2,0,-1,0,0,-1,-3,0,-2,1,1,-2,-2,-1,-2,0,-3,0,-1,-1,-1,0,-3,-1,-1,-1,-2,-1,-2,-1,-1,-2,-1,0,0,0,0,0,0,0,0,0,0,0,0,0,0,0,1,0,1,0,0,0,1,0,0,0,0,0,0,0,-1,0,0,0,0,0,0,0,0,0,0,0,0,0,0,0,0,0,0,0,0,0,0,0,0,0,0,0,0,0,0,0,0,0,0,0,e4g2
1,1,0,3,1,4,2,1,0,0,0,0,3,0,2,0,-1,0,-1,1,-1,1,2,-1,0,0,1,-1,-1,0,2,0,-1,0,0,-1,-3,1,-2,1,1,-2,-2,-1,-2,0,-2,0,-1,-1,-1,0,-3,-1,-1,0,-2,-1,-2,-1,-1,-2,-1,0,0,0,0,0,0,0,0,0,0,0,0,0,0,0,-2,0,1,0,0,0,2,0,0,0,0,0,0,0,0,0,0,0,0,0,0,0,0,0,0,0,0,0,0,0,0,0,0,0,0,0,0,0,0,0,0,0,0,0,0,0,0,0,0,0,e2b5
1,1,0,2,1,4,2,1,0,0,0,0,4,0,2,0,-1,0,-1,1,0,0,2,-1,1,0,1,-1,-1,0,1,0,0,-1,0,-1,-3,1,-2,0,1,-2,-1,-1,-2,0,-2,0,-1,-1,-1,1,-3,-1,-1,0,-2,-1,-2,-1,0,-2,-1,0,0,0,0,0,0,0,0,0,0,0,0,0,0,0,-2,0,1,0,0,0,2,0,0,0,0,0,0,0,0,0,0,0,0,1,0,0,0,0,0,0,0,0,0,0,0,0,0,0,0,0,0,0,0,0,0,0,0,0,0,0,-1,0,0,0,e8e5
1,1,0,2,1,4,2,1,0,0,0,0,4,0,2,0,-1,0,-1,1,0,0,2,-1,1,0,1,-1,-1,0,1,0,0,-1,-1,-2,-2,1,-2,0,1,-2,-1,-1,-2,0,-2,0,-1,-1,-1,1,-3,-1,-1,0,-1,0,-1,0,-1,-1,-1,0,0,0,0,0,0,0,0,0,0,0,0,0,0,0,-2,0,1,0,0,0,2,0,0,0,0,0,0,0,0,0,0,0,0,1,0,0,0,0,0,0,0,0,0,0,0,0,0,0,0,0,0,0,0,0,0,0,0,0,0,0,0,0,0,0,f2g2
1,1,0,2,0,5,2,3,0,0,0,0,3,1,1,1,-1,0,-1,1,-1,1,2,1,1,0,1,-1,0,0,1,0,0,-1,-1,-1,-2,1,-2,0,1,-2,0,-1,-2,0,-2,0,-1,0,-1,1,-3,-1,-1,0,0,0,-1,0,-1,-1,-1,0,0,0,0,0,0,0,0,0,0,0,0,0,0,0,0,0,1,0,0,0,2,0,0,0,0,0,0,0,0,0,0,0,0,1,0,0,0,0,0,0,0,0,0,0,0,0,0,0,0,0,0,0,0,0,0,0,0,0,0,0,0,0,0,0,c5b5
1,0,1,2,0,3,2,3,0,-1,1,0,1,1,1,1,0,-1,0,-1,0,1,2,1,-1,0,0,0,0,0,1,0,-1,-1,-2,-1,-2,1,-2,0,-1,-2,-1,0,-2,0,-2,0,0,-1,0,-1,-2,-1,-1,0,0,-1,0,0,-3,0,-1,0,0,0,0,0,0,0,0,0,0,0,0,0,0,0,0,0,0,0,0,0,1,0,0,0,0,0,0,0,0,0,0,0,0,0,0,0,0,0,0,0,0,0,0,0,0,0,0,0,0,0,0,0,0,0,0,0,0,0,0,0,0,0,0,0,g3f5
1,0,1,2,0,2,2,2,0,-1,1,0,0,1,1,1,0,-1,0,-1,1,1,3,1,-1,0,0,1,-1,0,1,1,-1,-1,-2,-1,-2,0,-1,0,-1,-2,-1,1,-2,0,-2,1,0,-1,0,-1,-1,-1,0,0,0,-1,0,0,-3,0,-1,0,0,0,0,0,0,0,0,0,0,0,0,0,0,0,0,0,0,0,0,0,1,0,0,0,0,0,0,0,0,0,0,0,0,0,0,0,0,1,0,0,0,0,0,0,0,0,0,0,0,0,0,0,0,0,0,0,0,0,0,0,0,0,0,0,b5b2
0,0,0,2,0,3,2,2,-1,0,0,-1,0,0,0,1,-1,-1,-1,0,1,1,3,1,0,0,1,0,-1,0,1,1,-1,-2,-1,0,-2,0,-1,0,0,-2,0,1,-2,0,-2,1,0,-1,0,0,-1,-1,0,0,0,-1,0,0,-2,0,-1,0,0,0,0,0,0,0,0,0,0,0,0,0,0,0,1,0,1,0,0,0,1,0,0,0,0,0,0,0,0,0,0,0,0,0,0,0,0,1,0,0,0,0,0,0,0,0,0,0,0,0,0,0,0,0,0,0,0,0,0,0,0,0,0,0,g2g1
0,0,0,2,0,3,1,1,-1,0,0,-1,0,0,1,0,-1,-1,-1,0,1,0,2,0,0,0,1,0,-1,0,1,1,-1,-2,-1,0,-2,0,-1,0,0,-2,0,1,-2,0,-2,1,0,-1,0,0,-1,-1,0,0,0,-1,0,0,-2,0,-1,0,0,0,0,0,0,0,0,0,0,0,0,0,0,0,0,1,1,0,0,0,1,0,0,0,0,0,0,0,0,0,0,0,0,0,0,0,0,1,0,0,0,0,0,0,0,0,0,0,0,0,0,0,0,0,0,0,0,0,0,0,0,0,0,0,b2a3
0,1,0,2,0,3,1,1,-1,-1,1,0,1,1,2,1,0,-1,-1,-1,0,0,2,0,-1,-1,1,1,-1,0,1,1,-2,-1,-2,0,-1,0,-1,0,-1,-1,0,0,-2,0,-2,1,-1,0,0,0,-2,-1,0,0,0,0,0,0,-2,-1,-1,0,0,0,0,0,0,0,0,0,0,0,0,0,0,0,0,0,0,0,0,0,2,0,0,0,0,0,0,0,0,0,0,0,0,0,0,0,0,1,0,0,0,0,0,0,0,0,0,0,0,0,0,0,0,0,0,0,0,0,0,0,0,0,0,0,g1f2
0,1,0,2,1,3,2,1,-1,-1,1,0,2,0,2,0,0,-1,-1,-1,1,1,3,0,-1,-1,1,1,-1,0,1,1,-2,-1,-2,0,-1,0,-1,0,-1,-1,0,0,-2,0,-2,1,-1,0,0,0,-2,-1,0,0,0,0,0,0,-2,-1,-1,0,0,0,0,0,0,0,0,0,0,0,0,0,0,0,0,0,0,0,0,0,2,0,0,0,0,0,0,0,0,0,0,0,0,0,0,0,0,1,0,0,0,0,0,0,0,0,0,0,0,0,0,0,0,0,0,0,0,0,0,0,0,0,0,0,a3b4
1,0,1,2,0,3,2,1,0,-1,1,-1,2,0,2,0,-1,-1,-1,0,2,1,3,0,-1,0,0,0,-2,-1,0,0,-2,-2,-2,0,-1,0,-1,0,0,-2,0,0,-2,0,-2,1,0,-1,0,0,-2,-1,0,0,0,-1,0,0,-2,-1,-1,0,0,0,0,0,1,0,0,0,0,0,0,0,0,0,0,0,0,0,0,0,1,0,0,0,0,0,0,0,0,0,0,0,0,0,0,0,0,1,0,0,0,0,0,0,0,0,0,0,0,0,0,0,0,0,0,0,0,0,0,0,0,0,0,0,e1e2
0,-1,0,1,1,2,1,0,1,0,2,0,1,1,2,0,-1,-1,-1,0,2,1,3,0,-1,0,0,0,-2,-1,0,0,-2,-2,-2,0,-1,0,-1,0,0,-2,0,0,-2,0,-2,1,0,-1,0,0,-2,-1,0,0,0,-1,0,0,-2,-1,-1,0,0,0,0,0,0,0,0,0,0,0,0,0,0,0,0,0,0,0,0,0,1,0,0,0,0,0,0,0,0,0,0,0,0,0,0,0,0,1,0,0,0,0,0,0,0,0,0,0,0,0,0,0,0,0,0,0,0,0,0,0,0,0,0,0,e5f5
0,-1,0,1,1,2,1,0,1,0,2,0,1,0,2,0,-1,-1,-1,0,2,0,2,0,-1,0,0,-1,-1,-2,0,-1,-2,-2,-2,0,-2,1,-2,-1,0,-2,0,-1,-1,-1,-2,0,0,-1,0,0,-2,-1,-1,0,0,-1,0,0,-1,-1,-1,0,0,0,0,0,0,0,0,0,0,0,0,0,0,1,0,0,0,0,0,0,0,0,0,0,0,0,0,0,0,0,0,0,0,0,0,0,0,-1,0,0,0,0,0,0,0,0,0,0,0,0,0,0,0,0,0,0,0,0,0,0,0,0,0,0,e3f5
0,-1,0,0,1,1,1,0,1,0,1,0,1,1,1,0,-1,-1,-1,0,3,1,3,0,-1,0,-1,0,0,-1,-1,0,-1,-1,-1,0,0,0,-1,0,0,-2,0,0,0,0,-2,1,0,-1,0,0,0,-1,0,0,0,-1,0,0,0,-1,-1,0,0,0,0,0,0,0,0,0,0,0,0,0,0,0,0,0,0,0,0,0,0,0,0,0,0,0,0,0,0,0,0,0,0,0,0,0,0,0,0,0,0,0,0,0,0,0,0,0,0,0,0,0,0,0,0,0,0,0,0,0,0,0,0,0,b4f4
0,0,-1,0,2,1,1,0,1,1,1,0,1,0,1,-1,0,0,0,0,2,0,2,0,-1,-1,-1,0,0,0,-1,0,0,0,0,0,-1,-1,-2,0,0,-1,0,0,0,0,-2,0,0,0,-1,0,1,-1,0,0,0,-1,0,0,0,0,-1,0,0,0,0,0,0,0,0,0,0,0,0,0,0,1,0,1,0,0,0,0,0,0,0,0,0,0,0,0,0,0,0,0,0,0,0,0,0,1,0,0,0,0,0,0,0,0,0,0,0,0,0,0,0,0,0,0,0,0,0,0,0,0,0,0,f2g2
0,0,-1,0,1,0,1,1,1,1,1,0,0,1,1,0,0,0,0,0,1,0,2,1,-1,-1,-1,0,0,0,-1,0,0,0,0,0,-1,-1,-2,0,0,-1,0,0,0,0,-2,0,0,0,-1,0,1,-1,0,0,0,-1,0,0,0,0,-1,0,0,0,0,0,0,0,0,0,0,0,0,0,0,0,0,1,0,0,0,0,0,0,0,0,0,0,0,0,0,0,0,0,0,0,0,0,0,1,0,0,0,0,0,0,0,0,0,0,0,0,0,0,0,0,0,0,0,0,0,0,0,0,0,0,f4f5
0,-1,0,0,1,0,1,1,1,1,0,1,0,1,1,1,0,0,0,-1,1,0,2,0,0,0,0,0,0,-1,-1,0,-1,-1,-1,-1,-1,0,-2,-1,0,-1,0,0,-1,-1,-3,0,0,0,0,-1,0,-1,-1,-1,0,0,-1,0,0,0,-1,0,0,0,0,0,0,0,0,0,0,0,0,0,0,0,0,0,0,0,0,0,0,0,0,0,0,0,0,0,0,0,0,0,0,0,0,0,0,0,0,0,0,0,0,0,0,0,0,0,0,0,0,0,0,0,0,0,0,0,0,0,0,0,0,0,h2h3
0,-1,0,0,1,0,1,1,1,1,0,1,0,1,1,1,0,0,0,-1,1,0,1,0,0,0,0,0,0,-1,0,0,-1,-1,-1,-1,-1,0,-2,-1,0,-1,0,0,-1,-1,-3,0,0,0,0,-1,0,-1,-1,-1,0,0,-1,0,0,0,-1,0,0,0,0,0,0,0,0,0,0,0,0,0,0,0,0,0,0,0,0,0,0,0,0,1,0,0,0,0,0,0,0,0,0,0,0,0,0,0,0,0,0,0,0,0,0,0,0,0,0,0,0,0,0,0,0,0,0,0,0,0,0,0,0,0,f5g5
0,0,-1,0,1,1,1,1,1,1,1,0,0,2,0,1,0,0,0,0,0,1,0,1,0,0,0,0,1,-1,0,-1,-1,-1,-1,-1,-1,-1,-1,-1,0,-1,0,0,0,-1,-3,-1,0,0,0,0,0,-1,-2,0,0,0,0,0,0,0,-2,0,0,0,0,0,0,0,0,0,0,0,0,0,0,0,1,0,0,0,0,0,0,0,0,0,0,0,0,0,0,0,0,0,0,0,0,0,0,0,0,0,0,0,0,0,0,0,0,0,0,0,0,0,0,0,0,0,0,0,0,0,0,0,0,0,g2h2
0,0,-1,0,1,0,0,1,1,1,1,0,0,1,1,1,0,0,0,0,0,0,0,1,0,0,0,0,1,-1,0,-1,-1,-1,-1,-1,-1,-1,-1,-1,0,-1,0,0,0,-1,-3,-1,0,0,0,0,0,-1,-2,0,0,0,0,0,0,0,-2,0,0,0,0,0,0,0,0,0,0,0,0,0,0,0,0,0,0,0,0,0,0,0,0,0,0,0,0,0,0,0,0,0,0,0,0,0,0,0,0,0,0,0,0,0,0,0,0,0,0,0,0,0,0,0,0,0,0,0,0,0,0,0,0,0,g5e5
-1,0,0,0,1,0,1,1,1,0,1,1,-1,1,2,0,0,0,-1,0,0,0,0,1,0,0,0,-1,0,-1,1,0,-1,-1,-1,-1,0,-1,-2,-1,0,-1,0,-1,-2,-1,-2,0,0,0,-1,0,-2,-1,-1,0,0,-1,0,0,-2,0,-1,0,0,0,0,0,0,0,0,0,0,0,0,0,1,0,0,1,0,0,0,0,0,0,0,0,0,0,0,0,0,0,0,0,0,0,0,0,-1,0,0,0,0,0,0,0,0,0,0,0,0,0,0,0,0,0,0,0,0,0,0,0,0,0,0,0,e2e5
0,0,0,0,1,0,1,1,0,0,0,0,1,0,1,0,0,0,0,0,1,0,1,1,0,0,0,0,1,0,1,0,1,1,1,1,-1,1,0,1,0,-1,0,0,0,0,-2,0,0,0,0,0,0,-1,-1,0,0,0,0,0,0,0,-1,0,0,0,0,0,0,0,0,0,0,0,0,0,0,0,0,0,0,0,0,0,0,0,0,0,0,0,0,0,0,0,0,0,0,0,0,0,1,0,0,0,0,0,0,0,0,0,0,0,0,0,0,0,0,0,0,0,0,0,0,0,0,0,0,0,f6e5
0,0,0,0,0,0,1,1,0,0,0,0,0,0,1,0,0,0,0,0,0,0,1,1,0,0,0,-1,0,-1,1,0,0,0,0,0,0,0,0,0,0,-1,0,0,-1,0,-2,0,0,0,0,0,-1,-1,-1,0,0,0,0,0,-1,0,-1,0,0,0,0,0,0,0,0,0,0,0,0,0,0,0,0,0,0,0,0,0,0,0,0,0,0,0,0,0,0,0,0,0,0,0,0,0,0,0,0,0,0,0,0,0,0,0,0,0,0,0,0,0,0,0,0,0,0,0,0,0,0,0,0,0,h2g2
0,0,0,0,0,1,1,1,0,0,0,0,0,1,0,1,0,0,0,0,0,1,1,1,0,0,0,-1,0,-1,1,0,0,0,0,0,0,0,0,0,0,-1,0,0,-1,0,-2,0,0,0,0,0,-1,-1,-1,0,0,0,0,0,-1,0,-1,0,0,0,0,0,0,0,0,0,0,0,0,0,0,0,0,0,0,0,0,0,0,0,0,0,0,0,0,0,0,0,0,0,0,0,0,0,0,0,0,0,0,0,0,0,0,0,0,0,0,0,0,0,0,0,0,0,0,0,0,0,0,0,0,0,a7a5
0,0,0,0,0,1,1,1,0,0,0,0,0,1,0,1,0,0,0,0,0,1,1,1,0,-1,0,-1,0,-1,1,0,0,0,0,0,0,0,0,0,0,0,0,0,-1,0,-2,0,0,0,0,0,-1,-1,-1,0,0,0,0,0,-1,0,-1,0,0,0,0,0,0,0,0,0,0,0,0,0,0,0,0,0,0,0,0,0,0,0,0,0,0,0,0,0,0,0,0,0,0,0,0,0,0,0,0,0,0,0,0,0,0,0,0,0,0,0,0,0,0,0,0,0,0,0,0,0,0,0,0,0,h3h4
0,0,0,0,0,1,1,1,0,0,0,0,0,1,0,1,0,0,0,0,0,1,1,1,0,-1,0,-1,0,-1,0,0,0,0,0,0,0,0,1,0,0,0,0,0,-1,0,-2,0,0,0,0,0,-1,-1,-1,0,0,0,0,0,-1,0,-1,0,0,0,0,0,0,0,0,0,0,0,0,0,0,0,0,0,0,0,0,0,0,0,0,0,0,0,0,0,0,0,0,0,0,0,0,0,0,0,0,0,0,0,0,0,0,0,0,0,0,0,0,0,0,0,0,0,0,0,0,0,0,0,0,0,a5a4
0,0,0,0,0,1,1,1,0,0,0,0,0,1,0,1,0,-1,0,0,0,1,1,1,0,0,0,-1,0,-1,0,0,0,0,0,0,0,0,1,0,0,0,0,0,-1,0,-2,0,0,0,0,0,-1,-1,-1,0,0,0,0,0,-1,0,-1,0,0,0,0,0,0,0,0,0,0,0,0,0,0,0,0,0,0,0,0,0,0,0,0,0,0,0,0,0,0,0,0,0,0,0,0,0,0,0,0,0,0,0,0,0,0,0,0,0,0,0,0,0,0,0,0,0,0,0,0,0,0,0,0,0,g2f1
0,0,0,0,1,0,1,0,0,0,0,0,1,1,1,0,0,-1,0,0,0,0,0,0,0,0,0,-1,0,-1,0,0,0,0,0,0,0,0,1,0,0,0,0,0,-1,0,-2,0,0,0,0,0,-1,-1,-1,0,0,0,0,0,-1,0,-1,0,0,0,0,0,0,0,0,0,0,0,0,0,0,0,0,0,0,0,0,0,0,0,0,0,0,0,0,0,0,0,0,0,0,0,0,0,0,0,0,0,0,0,0,0,0,0,0,0,0,0,0,0,0,0,0,0,0,0,0,0,0,0,0,0,a4a3
0,0,0,0,1,0,1,0,0,-1,0,0,1,1,1,0,0,0,0,0,0,0,0,0,0,0,0,-1,0,-1,0,0,0,0,0,0,0,0,1,0,0,0,0,0,-1,0,-2,0,0,0,0,0,-1,-1,-1,0,0,0,0,0,-1,0,-1,0,0,0,0,0,0,0,0,0,0,0,0,0,0,0,0,0,0,0,0,0,0,0,0,0,0,0,0,0,0,0,0,0,0,0,0,0,0,0,0,0,0,0,0,0,0,0,0,0,0,0,0,0,0,0,0,0,0,0,0,0,0,0,0,0,f1g1
0,0,0,0,0,1,0,1,0,-1,0,0,0,1,1,1,0,0,0,0,0,0,0,0,0,0,0,-1,0,-1,0,0,0,0,0,0,0,0,1,0,0,0,0,0,-1,0,-2,0,0,0,0,0,-1,-1,-1,0,0,0,0,0,-1,0,-1,0,0,0,0,0,0,0,0,0,0,0,0,0,0,0,0,0,0,0,0,0,0,0,0,0,0,0,0,0,0,0,0,0,0,0,0,0,0,0,0,0,0,0,0,0,0,0,0,0,0,0,0,0,0,0,0,0,0,0,0,0,0,0,0,0,a3a2
0,-1,0,0,0,1,0,1,0,0,0,0,0,1,1,1,0,0,0,0,0,0,0,0,0,0,0,-1,0,-1,0,0,0,0,0,0,0,0,1,0,0,0,0,0,-1,0,-2,0,0,0,0,0,-1,-1,-1,0,0,0,0,0,-1,0,-1,0,0,0,0,0,0,0,0,0,0,0,0,0,0,0,0,0,0,0,0,0,0,0,0,0,0,0,0,0,0,0,0,0,0,0,0,0,0,0,0,0,0,0,0,0,0,0,0,0,0,0,0,0,0,0,0,0,0,0,0,0,0,0,0,0,g1f1
0,-1,0,0,1,0,1,0,0,0,0,0,1,1,1,0,0,0,0,0,0,0,0,0,0,0,0,-1,0,-1,0,0,0,0,0,0,0,0,1,0,0,0,0,0,-1,0,-2,0,0,0,0,0,-1,-1,-1,0,0,0,0,0,-1,0,-1,0,0,0,0,0,0,0,0,0,0,0,0,0,0,0,0,0,0,0,0,0,0,0,0,0,0,0,0,0,0,0,0,0,0,0,0,0,0,0,0,0,0,0,0,0,0,0,0,0,0,0,0,0,0,0,0,0,0,0,0,0,0,0,0,0,a2a1q
0,-1,-1,-1,0,-1,1,0,-1,-1,0,0,1,1,1,0,-1,0,-1,0,0,0,0,0,-1,0,0,-2,0,-1,0,0,-1,0,0,0,-1,0,1,0,-1,0,0,0,-1,0,-2,0,-1,0,0,0,-1,-1,-1,0,-1,0,0,0,-1,0,-1,0,0,0,0,0,0,1,0,0,0,0,0,0,0,0,0,0,0,0,0,0,0,0,0,0,0,0,0,0,0,0,0,0,0,0,0,0,0,0,0,0,0,0,0,0,0,0,0,0,0,0,0,0,0,0,0,0,0,0,0,0,0,0,0,0,f1g2
0,-1,-1,-1,-1,0,0,0,-1,-1,0,0,0,1,0,1,-1,0,-1,0,0,1,1,1,-1,0,0,-2,0,-1,0,0,-1,0,0,0,-1,0,1,0,-1,0,0,0,-1,0,-2,0,-1,0,0,0,-1,-1,-1,0,-1,0,0,0,-1,0,-1,0,0,0,0,0,0,0,0,0,0,0,0,0,0,0,0,0,0,0,0,0,0,0,0,0,0,0,0,0,0,0,0,0,0,0,0,0,0,0,0,0,0,0,0,0,0,0,0,0,0,0,0,0,0,0,0,0,0,0,0,0,0,0,0,0,h7h5
0,-1,-1,-1,-1,0,0,0,-1,-1,0,0,0,1,0,1,-1,0,-1,0,0,1,1,1,-1,0,0,-2,0,-1,-1,0,-1,0,0,0,-1,0,1,0,-1,0,0,0,-1,0,-1,0,-1,0,0,0,-1,-1,-1,0,-1,0,0,0,-1,0,-1,0,0,0,0,0,0,0,0,0,0,0,0,0,0,0,0,0,0,0,0,0,0,0,0,0,0,0,0,0,0,0,0,0,0,0,0,0,0,0,0,0,0,0,0,0,0,0,0,0,0,0,0,0,0,0,0,0,0,0,0,0,0,0,0,0,g2f2
0,-1,-1,-1,0,0,0,-1,-1,-1,0,0,1,0,1,0,-1,0,-1,0,1,1,1,0,-1,0,0,-2,0,-1,-1,0,-1,0,0,0,-1,0,1,0,-1,0,0,0,-1,0,-1,0,-1,0,0,0,-1,-1,-1,0,-1,0,0,0,-1,0,-1,0,0,0,0,0,0,0,0,0,0,0,0,0,0,0,0,0,0,0,0,0,0,0,0,0,0,0,0,0,0,0,0,0,0,0,0,0,0,0,0,0,0,0,0,0,0,0,0,0,0,0,0,0,0,0,0,0,0,0,0,0,0,0,0,0,a1d1
-1,-1,-1,0,0,0,0,-1,0,0,-1,-1,0,0,1,0,0,-1,0,-1,1,0,1,0,-1,0,0,-2,0,-1,-2,0,0,0,0,-1,0,0,1,-1,0,0,0,-1,-1,0,-1,0,0,0,0,-1,-1,-1,-1,0,0,0,0,-1,-1,0,-1,0,0,0,0,0,0,0,0,0,0,0,0,0,0,0,0,0,0,0,0,0,0,0,0,0,0,0,0,0,0,0,0,0,0,0,0,0,0,0,0,0,0,0,0,0,0,0,0,0,0,0,0,0,0,0,0,0,0,0,0,0,0,0,0,0,f2g2
-1,-1,-1,0,-1,0,0,0,0,0,-1,-1,-1,1,0,1,0,-1,0,-1,0,0,1,1,-1,0,0,-2,0,-1,-2,0,0,0,0,-1,0,0,1,-1,0,0,0,-1,-1,0,-1,0,0,0,0,-1,-1,-1,-1,0,0,0,0,-1,-1,0,-1,0,0,0,0,0,0,0,0,0,0,0,0,0,0,0,0,0,0,0,0,0,0,0,0,0,0,0,0,0,0,0,0,0,0,0,0,0,0,0,0,0,0,0,0,0,0,0,0,0,0,0,0,0,0,0,0,0,0,0,0,0,0,0,0,0,f7f5
-1,-1,-1,0,-1,0,0,0,0,0,-1,-1,-1,1,0,1,0,-1,0,-1,0,0,1,1,-1,0,0,-2,-1,-1,-3,0,0,0,0,-1,0,0,1,-1,0,0,0,-1,0,0,0,0,0,0,0,-1,-1,-1,-1,0,0,0,0,-1,-1,0,-1,0,0,0,0,0,0,0,0,0,0,0,0,0,0,0,0,0,0,0,0,0,0,0,0,0,0,0,0,0,0,0,0,0,0,0,0,0,0,0,0,0,0,0,0,0,0,0,0,0,0,0,0,0,0,0,0,0,0,0,0,0,0,0,0,0,g2f2
-1,-1,-1,0,0,0,0,-1,0,0,-1,-1,0,0,1,0,0,-1,0,-1,1,0,1,0,-1,0,0,-2,-1,-1,-3,0,0,0,0,-1,0,0,1,-1,0,0,0,-1,0,0,0,0,0,0,0,-1,-1,-1,-1,0,0,0,0,-1,-1,0,-1,0,0,0,0,0,0,0,0,0,0,0,0,0,0,0,0,0,0,0,0,0,0,0,0,0,0,0,0,0,0,0,0,0,0,0,0,0,0,0,0,0,0,0,0,0,0,0,0,0,0,0,0,0,0,0,0,0,0,0,0,0,0,0,0,0,f5f4
-1,-1,-1,0,0,0,0,-1,0,0,-1,-1,0,0,1,0,0,-1,0,-1,0,0,0,0,-1,0,0,-2,0,-1,-2,0,0,0,0,-1,0,0,1,-1,0,0,0,-1,0,0,0,0,0,0,0,-1,-1,-1,-1,0,0,0,0,-1,-1,0,-1,0,0,0,0,0,0,0,0,0,0,0,0,0,0,0,0,0,0,0,0,0,0,0,0,0,0,0,0,0,0,0,0,0,0,0,0,0,0,0,0,0,0,0,0,0,0,0,0,0,0,0,0,0,0,0,0,0,0,0,0,0,0,0,0,0,f2g2
-1,-1,-1,0,-1,0,0,0,0,0,-1,-1,-1,1,0,1,0,-1,0,-1,-1,0,0,1,-1,0,0,-2,0,-1,-2,0,0,0,0,-1,0,0,1,-1,0,0,0,-1,0,0,0,0,0,0,0,-1,-1,-1,-1,0,0,0,0,-1,-1,0,-1,0,0,0,0,0,0,0,0,0,0,0,0,0,0,0,0,0,0,0,0,0,0,0,0,0,0,0,0,0,0,0,0,0,0,0,0,0,0,0,0,0,0,0,0,0,0,0,0,0,0,0,0,0,0,0,0,0,0,0,0,0,0,0,0,0,d1e2
0,0,0,-1,-1,0,1,1,-1,-1,-1,-1,0,0,-1,1,0,0,0,-1,-2,0,0,1,0,0,-1,-1,-1,-1,-2,0,0,-1,0,0,-1,0,1,-1,-1,0,0,0,0,0,0,0,0,0,0,0,-1,-1,-1,0,0,0,0,0,-1,0,-1,0,0,0,0,0,0,0,0,0,0,0,0,0,0,0,1,0,0,0,0,0,0,0,0,0,0,0,0,0,0,0,0,0,0,0,0,0,0,0,0,0,0,0,0,0,0,0,0,0,0,0,0,0,0,0,0,0,0,0,0,0,0,0,0,0,g2h1
0,0,0,-1,-1,-1,1,0,-1,-1,-1,-1,0,-1,0,0,0,0,0,-1,-2,-1,-1,0,0,0,-1,-1,-1,-1,-2,0,0,-1,0,0,-1,0,1,-1,-1,0,0,0,0,0,0,0,0,0,0,0,-1,-1,-1,0,0,0,0,0,-1,0,-1,0,0,0,0,0,0,0,0,0,0,0,0,0,0,0,0,0,0,0,0,0,0,0,0,0,0,0,0,0,0,0,0,0,0,0,0,0,0,0,0,0,0,0,0,0,0,0,0,0,0,0,0,0,0,0,0,0,0,0,0,0,0,0,0,0,f4f3
0,0,0,-1,-1,-1,1,0,-1,-1,-1,-1,-1,-1,-1,0,0,0,0,-1,-1,-1,0,0,0,0,-1,-1,-1,-1,-1,0,0,-1,0,0,-1,0,1,0,-1,0,0,0,0,0,0,0,0,0,0,0,-1,-1,-1,0,0,0,0,0,-1,0,-1,0,0,0,0,0,0,0,0,0,0,0,0,0,0,0,0,0,0,0,0,0,0,0,0,0,0,0,0,0,0,0,0,0,0,0,0,0,0,0,0,0,0,0,0,0,0,0,0,0,0,0,0,0,0,0,0,0,0,0,0,0,0,0,0,0,h1g1
0,0,0,-1,-1,0,0,1,-1,-1,-1,-1,-1,0,-1,0,0,0,0,-1,-1,-1,0,0,0,0,-1,-1,-1,-1,-1,0,0,-1,0,0,-1,0,1,0,-1,0,0,0,0,0,0,0,0,0,0,0,-1,-1,-1,0,0,0,0,0,-1,0,-1,0,0,0,0,0,0,0,0,0,0,0,0,0,0,0,0,0,0,0,0,0,0,0,0,0,0,0,0,0,0,0,0,0,0,0,0,0,0,0,0,0,0,0,0,0,0,0,0,0,0,0,0,0,0,0,0,0,0,0,0,0,0,0,0,0,e2g2
